Data;D_Minus;Vendas_Dia;Vendas_Acumuladas;Pct_Acumulado
2024-09-05;192;5;5;0.06
2024-09-12;185;2;7;0.08
2024-09-19;178;2;9;0.11
2024-09-25;172;4;13;0.15
2024-09-26;171;7;20;0.23
2024-10-01;166;1;21;0.25
2024-10-02;165;7;28;0.33
2024-10-03;164;7;35;0.41
2024-10-04;163;1;36;0.42
2024-10-07;160;1;37;0.43
2024-10-08;159;85;122;1.43
2024-10-09;158;41;163;1.91
2024-10-10;157;19;182;2.13
2024-10-11;156;19;201;2.35
2024-10-12;155;13;214;2.5
2024-10-13;154;10;224;2.62
2024-10-14;153;27;251;2.93
2024-10-15;152;17;268;3.13
2024-10-16;151;25;293;3.43
2024-10-17;150;12;305;3.57
2024-10-18;149;51;356;4.16
2024-10-19;148;19;375;4.38
2024-10-20;147;22;397;4.64
2024-10-21;146;17;414;4.84
2024-10-22;145;14;428;5.0
2024-10-23;144;6;434;5.07
2024-10-24;143;12;446;5.21
2024-10-25;142;7;453;5.3
2024-10-26;141;3;456;5.33
2024-10-27;140;6;462;5.4
2024-10-28;139;22;484;5.66
2024-10-29;138;14;498;5.82
2024-10-30;137;13;511;5.97
2024-10-31;136;7;518;6.06
2024-11-01;135;8;526;6.15
2024-11-02;134;4;530;6.2
2024-11-03;133;8;538;6.29
2024-11-04;132;7;545;6.37
2024-11-05;131;9;554;6.48
2024-11-06;130;11;565;6.61
2024-11-07;129;6;571;6.68
2024-11-08;128;13;584;6.83
2024-11-09;127;7;591;6.91
2024-11-10;126;9;600;7.01
2024-11-11;125;8;608;7.11
2024-11-12;124;10;618;7.22
2024-11-13;123;6;624;7.29
2024-11-14;122;6;630;7.36
2024-11-15;121;6;636;7.44
2024-11-16;120;8;644;7.53
2024-11-17;119;4;648;7.58
2024-11-18;118;8;656;7.67
2024-11-19;117;5;661;7.73
2024-11-20;116;11;672;7.86
2024-11-21;115;8;680;7.95
2024-11-22;114;11;691;8.08
2024-11-23;113;4;695;8.12
2024-11-24;112;5;700;8.18
2024-11-25;111;14;714;8.35
2024-11-26;110;7;721;8.43
2024-11-27;109;4;725;8.48
2024-11-28;108;10;735;8.59
2024-11-29;107;71;806;9.42
2024-11-30;106;50;856;10.01
2024-12-01;105;28;884;10.33
2024-12-02;104;47;931;10.88
2024-12-03;103;34;965;11.28
2024-12-04;102;36;1001;11.7
2024-12-05;101;32;1033;12.08
2024-12-06;100;19;1052;12.3
2024-12-07;99;9;1061;12.4
2024-12-08;98;33;1094;12.79
2024-12-09;97;21;1115;13.03
2024-12-10;96;23;1138;13.3
2024-12-11;95;17;1155;13.5
2024-12-12;94;5;1160;13.56
2024-12-13;93;18;1178;13.77
2024-12-14;92;12;1190;13.91
2024-12-15;91;38;1228;14.36
2024-12-16;90;55;1283;15.0
2024-12-17;89;44;1327;15.51
2024-12-18;88;106;1433;16.75
2024-12-19;87;66;1499;17.52
2024-12-20;86;43;1542;18.03
2024-12-21;85;33;1575;18.41
2024-12-22;84;24;1599;18.69
2024-12-23;83;44;1643;19.21
2024-12-24;82;25;1668;19.5
2024-12-25;81;16;1684;19.69
2024-12-26;80;37;1721;20.12
2024-12-27;79;37;1758;20.55
2024-12-28;78;22;1780;20.81
2024-12-29;77;48;1828;21.37
2024-12-30;76;55;1883;22.01
2024-12-31;75;32;1915;22.39
2025-01-01;74;51;1966;22.98
2025-01-02;73;133;2099;24.54
2025-01-03;72;131;2230;26.07
2025-01-04;71;90;2320;27.12
2025-01-05;70;98;2418;28.27
2025-01-06;69;127;2545;29.75
2025-01-07;68;118;2663;31.13
2025-01-08;67;109;2772;32.41
2025-01-09;66;97;2869;33.54
2025-01-10;65;121;2990;34.95
2025-01-11;64;99;3089;36.11
2025-01-12;63;89;3178;37.15
2025-01-13;62;112;3290;38.46
2025-01-14;61;94;3384;39.56
2025-01-15;60;145;3529;41.26
2025-01-16;59;97;3626;42.39
2025-01-17;58;79;3705;43.31
2025-01-18;57;57;3762;43.98
2025-01-19;56;77;3839;44.88
2025-01-20;55;92;3931;45.96
2025-01-21;54;63;3994;46.69
2025-01-22;53;81;4075;47.64
2025-01-23;52;56;4131;48.29
2025-01-24;51;45;4176;48.82
2025-01-25;50;48;4224;49.38
2025-01-26;49;80;4304;50.32
2025-01-27;48;100;4404;51.48
2025-01-28;47;102;4506;52.68
2025-01-29;46;67;4573;53.46
2025-01-30;45;99;4672;54.62
2025-01-31;44;72;4744;55.46
2025-02-01;43;82;4826;56.42
2025-02-02;42;154;4980;58.22
2025-02-03;41;163;5143;60.12
2025-02-04;40;117;5260;61.49
2025-02-05;39;134;5394;63.06
2025-02-06;38;96;5490;64.18
2025-02-07;37;131;5621;65.71
2025-02-08;36;72;5693;66.55
2025-02-09;35;139;5832;68.18
2025-02-10;34;166;5998;70.12
2025-02-11;33;149;6147;71.86
2025-02-12;32;177;6324;73.93
2025-02-13;31;133;6457;75.49
2025-02-14;30;133;6590;77.04
2025-02-15;29;78;6668;77.95
2025-02-16;28;112;6780;79.26
2025-02-17;27;165;6945;81.19
2025-02-18;26;141;7086;82.84
2025-02-19;25;162;7248;84.73
2025-02-20;24;111;7359;86.03
2025-02-21;23;105;7464;87.26
2025-02-22;22;77;7541;88.16
2025-02-23;21;143;7684;89.83
2025-02-24;20;129;7813;91.34
2025-02-25;19;137;7950;92.94
2025-02-26;18;114;8064;94.27
2025-02-27;17;97;8161;95.41
2025-02-28;16;113;8274;96.73
2025-03-01;15;67;8341;97.51
2025-03-02;14;24;8365;97.79
2025-03-03;13;2;8367;97.81
2025-03-04;12;1;8368;97.83
2025-03-05;11;147;8515;99.54
2025-03-06;10;8;8523;99.64
2025-03-07;9;3;8526;99.67
2025-03-08;8;4;8530;99.72
2025-03-09;7;0;8530;99.72
2025-03-10;6;9;8539;99.82
2025-03-11;5;7;8546;99.91
2025-03-12;4;5;8551;99.96
2025-03-13;3;2;8553;99.99
2025-03-14;2;1;8554;100.0
