Data;D-;Meta Dia;Vendas Dia;Ating, Dia (%);Meta Acum,;Vendas Acum.;Ating, Acum, (%);Inscrito dia (Minha planilha);Status;Inscrito acumulado (Minha planilha);Status
26/03/2026;42;56;30;-46%;3.562;3.261;-8%;30;VERDADEIRO;3.323;FALSO
25/03/2026;43;51;51;1%;3.506;3.231;-8%;51;VERDADEIRO;3.293;FALSO
24/03/2026;44;48;27;-43%;3.455;3.180;-8%;27;VERDADEIRO;3.242;FALSO
23/03/2026;45;29;37;26%;3.408;3.153;-8%;37;VERDADEIRO;3.215;FALSO
22/03/2026;46;45;35;-21%;3.378;3.116;-8%;35;VERDADEIRO;3.178;FALSO
21/03/2026;47;32;23;-29%;3.334;3.081;-8%;23;VERDADEIRO;3.143;FALSO
20/03/2026;48;36;35;-1%;3.301;3.058;-7%;35;VERDADEIRO;3.120;FALSO
19/03/2026;49;43;32;-25%;3.266;3.023;-7%;32;VERDADEIRO;3.085;FALSO
18/03/2026;50;45;33;-26%;3.223;2.991;-7%;39;FALSO;3.053;FALSO
17/03/2026;51;41;44;9%;3.179;2.958;-7%;49;FALSO;3.014;FALSO
16/03/2026;52;28;44;56%;3.138;2.914;-7%;48;FALSO;2.965;FALSO
15/03/2026;53;55;65;19%;3.110;2.870;-8%;65;VERDADEIRO;2.917;FALSO
14/03/2026;54;26;33;26%;3.055;2.805;-8%;34;FALSO;2.852;FALSO
13/03/2026;55;15;42;176%;3.029;2.772;-9%;45;FALSO;2.818;FALSO
12/03/2026;56;4;28;583%;3.014;2.730;-9%;31;FALSO;2.773;FALSO
11/03/2026;57;13;26;99%;3.010;2.702;-10%;28;FALSO;2.742;FALSO
10/03/2026;58;17;46;166%;2.997;2.676;-11%;47;FALSO;2.714;FALSO
09/03/2026;59;47;22;-53%;2.979;2.630;-12%;23;FALSO;2.667;FALSO
08/03/2026;60;23;33;42%;2.933;2.608;-11%;33;VERDADEIRO;2.644;FALSO
07/03/2026;61;13;26;97%;2.909;2.575;-12%;26;VERDADEIRO;2.611;FALSO
06/03/2026;62;39;25;-35%;2.896;2.549;-12%;25;VERDADEIRO;2.585;FALSO
05/03/2026;63;13;27;106%;2.858;2.524;-12%;30;FALSO;2.560;FALSO
04/03/2026;64;26;31;17%;2.845;2.497;-12%;31;VERDADEIRO;2.530;FALSO
03/03/2026;65;50;26;-48%;2.818;2.466;-13%;26;VERDADEIRO;2.499;FALSO
02/03/2026;66;42;38;-8%;2.769;2.440;-12%;38;VERDADEIRO;2.473;FALSO
01/03/2026;67;27;55;101%;2.727;2.402;-12%;56;FALSO;2.435;FALSO
28/02/2026;68;15;13;-14%;2.700;2.347;-13%;13;VERDADEIRO;2.379;FALSO
27/02/2026;69;29;24;-18%;2.685;2.334;-13%;24;VERDADEIRO;2.366;FALSO
26/02/2026;70;19;7;-64%;2.655;2.310;-13%;7;VERDADEIRO;2.342;FALSO
25/02/2026;71;10;13;29%;2.636;2.303;-13%;14;FALSO;2.335;FALSO
24/02/2026;72;23;12;-49%;2.626;2.290;-13%;13;FALSO;2.321;FALSO
23/02/2026;73;32;6;-82%;2.603;2.278;-13%;12;FALSO;2.308;FALSO
22/02/2026;74;29;14;-52%;2.570;2.272;-12%;14;VERDADEIRO;2.296;FALSO
21/02/2026;75;24;17;-30%;2.541;2.258;-11%;17;VERDADEIRO;2.282;FALSO
20/02/2026;76;22;15;-33%;2.517;2.241;-11%;15;VERDADEIRO;2.265;FALSO
19/02/2026;77;26;12;-55%;2.494;2.226;-11%;12;VERDADEIRO;2.250;FALSO
18/02/2026;78;21;22;4%;2.468;2.214;-10%;23;FALSO;2.238;FALSO
17/02/2026;79;37;23;-37%;2.447;2.192;-10%;23;VERDADEIRO;2.215;FALSO
16/02/2026;80;36;4;-89%;2.410;2.169;-10%;4;VERDADEIRO;2.192;FALSO
15/02/2026;81;47;13;-72%;2.374;2.165;-9%;13;VERDADEIRO;2.188;FALSO
14/02/2026;82;48;35;-27%;2.327;2.152;-8%;35;VERDADEIRO;2.175;FALSO
13/02/2026;83;75;18;-76%;2.280;2.117;-7%;19;FALSO;2.140;FALSO
12/02/2026;84;51;32;-37%;2.205;2.099;-5%;33;FALSO;2.121;FALSO
11/02/2026;85;58;19;-67%;2.154;2.067;-4%;20;FALSO;2.088;FALSO
10/02/2026;86;54;19;-65%;2.096;2.048;-2%;22;FALSO;2.068;FALSO
09/02/2026;87;56;25;-55%;2.043;2.029;-1%;25;VERDADEIRO;2.046;FALSO
08/02/2026;88;44;38;-13%;1.987;2.004;1%;38;VERDADEIRO;2.021;FALSO
07/02/2026;89;39;26;-33%;1.943;1.966;1%;26;VERDADEIRO;1.983;FALSO
06/02/2026;90;36;11;-70%;1.905;1.940;2%;12;FALSO;1.957;FALSO
05/02/2026;91;46;18;-61%;1.868;1.929;3%;23;FALSO;1.945;FALSO
04/02/2026;92;24;16;-34%;1.823;1.911;5%;17;FALSO;1.922;FALSO
03/02/2026;93;42;35;-16%;1.799;1.895;5%;35;VERDADEIRO;1.905;FALSO
02/02/2026;94;34;18;-46%;1.757;1.860;6%;18;VERDADEIRO;1.870;FALSO
01/02/2026;95;19;41;114%;1.724;1.842;7%;41;VERDADEIRO;1.852;FALSO
31/01/2026;96;34;12;-65%;1.704;1.801;6%;14;FALSO;1.811;FALSO
30/01/2026;97;31;27;-14%;1.670;1.789;7%;28;FALSO;1.797;FALSO
29/01/2026;98;36;12;-66%;1.639;1.762;8%;12;VERDADEIRO;1.769;FALSO
28/01/2026;99;29;18;-39%;1.603;1.750;9%;19;FALSO;1.757;FALSO
27/01/2026;100;33;20;-40%;1.574;1.732;10%;21;FALSO;1.738;FALSO
26/01/2026;101;41;31;-24%;1.540;1.712;11%;31;VERDADEIRO;1.717;FALSO
25/01/2026;102;26;9;-66%;1.500;1.681;12%;9;VERDADEIRO;1.686;FALSO
24/01/2026;103;38;9;-76%;1.473;1.672;14%;9;VERDADEIRO;1.677;FALSO
23/01/2026;104;33;18;-46%;1.436;1.663;16%;18;VERDADEIRO;1.668;FALSO
22/01/2026;105;41;14;-65%;1.403;1.645;17%;17;FALSO;1.650;FALSO
21/01/2026;106;55;21;-62%;1.362;1.631;20%;22;FALSO;1.633;FALSO
20/01/2026;107;27;16;-41%;1.307;1.610;23%;16;VERDADEIRO;1.611;FALSO
19/01/2026;108;40;24;-39%;1.280;1.594;25%;24;VERDADEIRO;1.595;FALSO
18/01/2026;109;32;26;-20%;1.241;1.570;27%;26;VERDADEIRO;1.571;FALSO
17/01/2026;110;35;26;-27%;1.208;1.544;28%;26;VERDADEIRO;1.545;FALSO
16/01/2026;111;74;12;-84%;1.173;1.518;29%;12;VERDADEIRO;1.519;FALSO
15/01/2026;112;89;24;-73%;1.099;1.506;37%;24;VERDADEIRO;1.507;FALSO
14/01/2026;113;126;21;-83%;1.010;1.482;47%;22;FALSO;1.483;FALSO
13/01/2026;114;154;26;-83%;884;1.461;65%;26;VERDADEIRO;1.461;VERDADEIRO
12/01/2026;115;14;23;62%;730;1.435;97%;23;VERDADEIRO;1.435;VERDADEIRO
11/01/2026;116;10;28;177%;716;1.412;97%;28;VERDADEIRO;1.412;VERDADEIRO
10/01/2026;117;9;22;142%;706;1.384;96%;22;VERDADEIRO;1.384;VERDADEIRO
09/01/2026;118;9;35;285%;697;1.362;96%;35;VERDADEIRO;1.362;VERDADEIRO
08/01/2026;119;15;37;143%;688;1.327;93%;37;VERDADEIRO;1.327;VERDADEIRO
07/01/2026;120;20;41;103%;672;1.290;92%;41;VERDADEIRO;1.290;VERDADEIRO
06/01/2026;121;23;9;-61%;652;1.249;92%;9;VERDADEIRO;1.249;VERDADEIRO
05/01/2026;122;11;31;177%;629;1.240;97%;31;VERDADEIRO;1.240;VERDADEIRO
04/01/2026;123;8;24;196%;618;1.209;96%;24;VERDADEIRO;1.209;VERDADEIRO
03/01/2026;124;5;29;480%;610;1.185;94%;29;VERDADEIRO;1.185;VERDADEIRO
02/01/2026;125;18;29;59%;605;1.156;91%;29;VERDADEIRO;1.156;VERDADEIRO
01/01/2026;126;18;11;-40%;586;1.127;92%;11;VERDADEIRO;1.127;VERDADEIRO
31/12/2025;127;9;11;21%;568;1.116;96%;11;VERDADEIRO;1.116;VERDADEIRO
30/12/2025;128;7;23;224%;559;1.105;98%;23;VERDADEIRO;1.105;VERDADEIRO
29/12/2025;129;1;13;1200%;552;1.082;96%;13;VERDADEIRO;1.082;VERDADEIRO
28/12/2025;130;10;3;-70%;551;1.069;94%;3;VERDADEIRO;1.069;VERDADEIRO
27/12/2025;131;2;4;91%;541;1.066;97%;4;VERDADEIRO;1.066;VERDADEIRO
26/12/2025;132;10;1;-90%;539;1.062;97%;1;VERDADEIRO;1.062;VERDADEIRO
25/12/2025;133;8;3;-63%;529;1.061;101%;3;VERDADEIRO;1.061;VERDADEIRO
24/12/2025;134;5;3;-41%;521;1.058;103%;3;VERDADEIRO;1.058;VERDADEIRO
23/12/2025;135;3;0;-100%;515;1.055;105%;0;VERDADEIRO;1.055;VERDADEIRO
22/12/2025;136;6;2;-67%;512;1.055;106%;2;VERDADEIRO;1.055;VERDADEIRO
21/12/2025;137;6;2;-67%;506;1.053;108%;2;VERDADEIRO;1.053;VERDADEIRO
20/12/2025;138;9;6;-35%;500;1.051;110%;6;VERDADEIRO;1.051;VERDADEIRO
19/12/2025;139;2;4;100%;491;1.045;113%;4;VERDADEIRO;1.045;VERDADEIRO
18/12/2025;140;11;4;-64%;489;1.041;113%;4;VERDADEIRO;1.041;VERDADEIRO
17/12/2025;141;9;7;-23%;478;1.037;117%;7;VERDADEIRO;1.037;VERDADEIRO
16/12/2025;142;12;3;-75%;469;1.030;120%;3;VERDADEIRO;1.030;VERDADEIRO
15/12/2025;143;14;0;-100%;457;1.027;125%;0;VERDADEIRO;1.027;VERDADEIRO
14/12/2025;144;16;0;-100%;443;1.027;132%;0;VERDADEIRO;1.027;VERDADEIRO
13/12/2025;145;0;2;0%;426;1.027;141%;2;VERDADEIRO;1.027;VERDADEIRO
12/12/2025;146;8;1;-88%;426;1.025;140%;1;VERDADEIRO;1.025;VERDADEIRO
11/12/2025;147;9;0;-100%;418;1.024;145%;0;VERDADEIRO;1.024;VERDADEIRO
10/12/2025;148;16;4;-75%;409;1.024;150%;4;VERDADEIRO;1.024;VERDADEIRO
09/12/2025;149;15;0;-100%;393;1.020;160%;0;VERDADEIRO;1.020;VERDADEIRO
08/12/2025;150;19;8;-58%;378;1.020;170%;8;VERDADEIRO;1.020;VERDADEIRO
07/12/2025;151;18;48;164%;359;1.012;182%;48;VERDADEIRO;1.012;VERDADEIRO
06/12/2025;152;21;30;41%;340;964;183%;30;VERDADEIRO;964;VERDADEIRO
05/12/2025;153;10;45;346%;319;934;193%;45;VERDADEIRO;934;VERDADEIRO
04/12/2025;154;14;26;83%;309;889;188%;26;VERDADEIRO;889;VERDADEIRO
03/12/2025;155;23;36;55%;295;863;193%;36;VERDADEIRO;863;VERDADEIRO
02/12/2025;156;49;68;40%;271;827;205%;68;VERDADEIRO;827;VERDADEIRO
01/12/2025;157;45;79;77%;223;759;241%;79;VERDADEIRO;759;VERDADEIRO
30/11/2025;158;11;156;1305%;178;680;282%;156;VERDADEIRO;680;VERDADEIRO
29/11/2025;159;44;118;171%;167;524;214%;118;VERDADEIRO;524;VERDADEIRO
28/11/2025;160;79;279;254%;124;406;229%;279;VERDADEIRO;406;VERDADEIRO
27/11/2025;161;5;45;782%;45;127;185%;45;VERDADEIRO;127;VERDADEIRO
26/11/2025;162;5;19;273%;40;82;108%;19;VERDADEIRO;82;VERDADEIRO
25/11/2025;163;9;9;-1%;34;63;83%;9;VERDADEIRO;63;VERDADEIRO
24/11/2025;164;8;4;-51%;25;54;113%;4;VERDADEIRO;54;VERDADEIRO
23/11/2025;165;3;7;133%;17;50;191%;7;VERDADEIRO;50;VERDADEIRO
22/11/2025;166;3;5;61%;14;43;203%;5;VERDADEIRO;43;VERDADEIRO
21/11/2025;167;10;1;-90%;11;38;242%;1;VERDADEIRO;38;VERDADEIRO
20/11/2025;168;0;0;0%;1;37;3600%;0;VERDADEIRO;37;VERDADEIRO
19/11/2025;169;0;1;0%;1;37;3600%;1;VERDADEIRO;37;VERDADEIRO
18/11/2025;170;1;2;100%;1;36;3500%;2;VERDADEIRO;36;VERDADEIRO
17/11/2025;171;0;2;0%;0;34;0%;2;VERDADEIRO;34;VERDADEIRO
16/11/2025;172;0;0;0%;0;32;0%;0;VERDADEIRO;32;VERDADEIRO
15/11/2025;173;0;2;0%;0;32;0%;2;VERDADEIRO;32;VERDADEIRO
14/11/2025;174;0;0;0%;0;30;0%;0;VERDADEIRO;30;VERDADEIRO
13/11/2025;175;0;4;0%;0;30;0%;4;VERDADEIRO;30;VERDADEIRO
12/11/2025;176;0;0;0%;0;26;0%;0;VERDADEIRO;26;VERDADEIRO
11/11/2025;177;0;1;0%;0;26;0%;1;VERDADEIRO;26;VERDADEIRO
10/11/2025;178;0;2;0%;0;25;0%;2;VERDADEIRO;25;VERDADEIRO
09/11/2025;179;0;4;0%;0;23;0%;4;VERDADEIRO;23;VERDADEIRO
08/11/2025;180;0;4;0%;0;19;0%;4;VERDADEIRO;19;VERDADEIRO
07/11/2025;181;0;4;0%;0;15;0%;4;VERDADEIRO;15;VERDADEIRO
06/11/2025;182;0;1;0%;0;11;0%;1;VERDADEIRO;11;VERDADEIRO
05/11/2025;183;0;10;0%;0;10;0%;10;VERDADEIRO;10;VERDADEIRO
